export-world data (NetLogo 3.1pre1),,,,,,,,,,,,,,,,
Pac-Man Level Editor.nlogo,,,,,,,,,,,,,,,,
10/31/2005 13:20:30:336 -0600,,,,,,,,,,,,,,,,
RANDOM STATE,,,,,,,,,,,,,,,,
0 0 -1727483681 551 0.0 false -1182233586 1983609137 681704877 -98392458 -1705919337 2127468017 465050249 -187165172 -1529894215 1944028413 649850262 -1335618453 98837953 1608605778 -1858720190 1155638702 -17749519 -1629238014 408117436 -271585825 -2141538129 -924979369 -1957205673 -958112701 -2019698701 786727624 -1329603564 938250627 2011176753 31549514 2133267417 170440611 305468752 -2031922933 -1091855472 -1871022014 1166512687 1957615751 -1359324166 -895582891 248859769 995930282 -1479177702 143335060 -625666476 672077393 -43197133 -1274032650 838260636 635021397 2027551255 -18333302 556055540 -361051218 1909174088 -403064664 664543314 -767121301 58900199 -656842894 1392643725 445708305 960049011 -1117522238 -963893986 -1589878781 1981125838 875569490 -1934570579 -1256755752 1772615951 -1825209375 -692391064 -2098107281 2054044545 772625123 -1818867716 -1237395944 2033720517 -532757045 -1129596884 -1973048784 -1781066514 460354012 -977058775 -1268207421 -924679047 716461363 402693523 -1954534831 1814821157 -1195136327 -503886817 744543091 2091402903 -308416585 1026732674 -1010045955 2068213321 -1591170247 -478415610 584926971 -2077186459 627571141 -24617590 1844414836 1227063495 -1898721213 -625054575 -1710382537 -1123995518 -1963848194 -1970320778 -549215570 -1163511807 -1246484160 300100063 -1936691167 1783023543 -322488007 -1053961329 -605597697 1707831121 -1301023888 1732142372 -1507215357 1976526746 -1128078323 -282283846 -1445163405 -1792579239 -507028339 1052060079 842107784 526631052 -1142383183 -1479823666 676316317 94005896 2083092464 965547880 1267105147 1973916507 -780796 -144722948 1607809007 416216663 458982954 -1653847986 -908425025 -2105315070 -1258336482 -1835609902 -1031087186 210974267 -1475189231 1376807297 -1567191414 155342837 -109622595 624302108 1644637236 1874344194 -1171591956 1399723165 1106318147 1924440337 -1249482085 1990364311 -1600904685 -1468098861 -652903476 -613445942 -1118203998 1472701535 -924507164 -60376741 -1419789509 -1853212546 53853770 580261313 -882652820 80560540 -367778083 -1360212621 -1065912449 1565502807 -1356381373 -1857715272 1965157825 -1969597216 -702351141 1908144969 -1428975498 -752183425 1345528606 -1888488957 868201652 1859308198 1390778786 -629593080 2125782679 1999819914 -101472331 54270428 425686075 -1926920203 -1669449762 -1193208557 -982236408 -672777636 1638647918 1559805209 -828752129 -595261765 70461562 538464462 -44922394 -866504262 -762636998 -1433077207 1615089926 -98102766 2104252218 -1747345057 -1712422158 -1575681099 764892228 208188439 -1581180976 -60499370 -1699408111 -645689359 1347934149 -563739433 -1782247301 880809569 1325652801 -1065210257 498176955 874070988 -1246323366 -2197444 134684421 1503628282 -2127737970 -2121655079 -755189335 -703292249 2075069829 1438368959 -2009328276 1065523301 -720168846 1675940962 846359541 -1961707992 2008032064 -891310777 -92056590 2127419176 -32301151 -1779786282 -171749364 186858784 2145974540 306673389 1283116436 -983850605 -824389615 1400943368 1306754128 -1898986739 -1967670167 -978814791 -1803154880 -443679144 2133211609 116927018 49853117 -2123897198 494425133 -2052844626 1648787180 763008343 -1410238367 -1318142909 885060653 -1974556662 -1704307856 218999909 1426879589 1697598073 -1287525380 -687407906 1625453681 -776397144 -1848953853 870108160 -1198272089 -1569309249 1697284829 -572304901 1676899023 -1408682419 1419653508 -1583241857 -315682249 1275112859 1922995074 -283099314 538874348 1308669016 1698884544 1151822125 -2032999723 130614857 1779700990 -326053363 -2113147187 -559992022 1930348145 1905717614 1561889535 -460092151 1205567873 -1708744089 -172266890 -1814444836 1655988077 1727274625 222407364 264190135 848266706 -987262429 1125295845 453719002 -2097141748 1789467047 2043302816 719083226 211264486 200369164 -1941549248 -1048241079 -1071376882 -1497732232 1148623834 -1839711824 367443579 -1107541820 1802932134 -1071417171 -896552985 -656400325 802032556 1480852328 1988196113 -873767915 800933835 527519794 -497459200 608720939 -1908439787 -70009200 370664540 -1263191658 -1283503971 755289575 1163485703 -60591169 95667890 -107169854 936906143 1575065501 1772281152 -79776081 1157366402 -246086174 -1211044178 -2031767705 -783381601 -617022820 -2050166931 1306993936 1410332030 758530651 285755384 -254849970 1451257047 -1677493607 1541410028 -607335389 1523473920 -491621212 -636040235 62726625 1542469758 1911144269 1412170891 -239046368 -294818212 -546816538 262386017 547388023 -1677609516 1941722905 263176537 -1953183274 -951176646 -360269107 864703864 -1126339510 340991957 -1692489758 1281777238 165365259 1493296614 -664349677 670859004 1771266783 2057351763 -1001243495 250972066 874547405 -283041486 1589169782 629968316 600661402 84009237 -1972671331 576693839 39391935 342500664 -955188294 20269039 1413992957 1346267601 1306330703 -581472358 -795569887 231851625 1465846878 -1932678017 -861734212 414891024 2005357211 1096482978 -1462991715 732033624 -796338445 -823497175 1737250677 -1462595509 578053118 534952591 -1082809062 -956717213 -58250494 -510003587 1224388510 -2071681368 -746925774 -212781178 -1218126318 1572426672 -1244547565 839493497 -1431604643 -123108403 -860144301 -1420054418 -1237424366 179514512 2086978996 -851091387 -456327911 -1118418795 -1370363283 1952340561 -1595294635 -467209118 -1111356602 -693323514 747295880 1929047587 2092285845 149320840 2070965206 -1365165965 -633858634 -1337014439 -2147257172 208994190 -1320786272 1344944991 948137952 717497326 -1981903894 1908139930 504618973 922046711 643629548 1895013969 553673343 -173348246 860623915 1962207138 1947869241 -487198253 1736204370 -1764156868 -2024217109 1306817382 2090758421 -1993162792 1780394379 1694858165 -1319095455 -136767000 -1832846969 -1593456591 -1578186750 591568614 1030299266 -219513565 -1759160873 1642292829 -336072928 1794374768 695117589 25474427 933477559 822306070 623976689 1053399504 -657099282 1959494519 -713947945 919237898 -35518824 -42123069 -865437694 -29993784 2002720628 1887148984 -1345859519 26562381 151433519 -1983129468 -946187235 -1361802020 1413050379 -1114983998 716863608 1058039783 550763894 -616050952 -1699001635 -1683611050 1538962903 -1936018827 2042017475 1057583983 675789038 2001545028 458311344 1927273845 -954008199 115367533 1020939478 -1276290432 734431551 1143626083 -2129924755 1484809973 -1526323332 -1937281260 1313792603 -380075794 -178611113 -1803958520 1218265944 18100304 304082147 -1349756058 -692717793 -326488661 -368674142 1450959003 -1171853079 1879858012 1441382501 -658887922 -1748284629 964301106 -2098083305 -838427393 -1614677242 -670086553 -951217882 -2121624459 -318464308 974805271 -548575227 1851497724 -185370560 948580531 388758766 475429987 2134934107 755028385 1901035398 -125163025 929761768 1308785886 1433916061 -1555037373 1970901571 -1264200619 2007775626 311783262 -1583120104 1601791974,,,,,,,,,,,,,,,,
GLOBALS,,,,,,,,,,,,,,,,
min-pxcor,max-pxcor,min-pycor,max-pycor,perspective,subject,dead?,,,,,,,,,,
-10,10,-10,10,0,nobody,FALSE,,,,,,,,,,
TURTLES,,,,,,,,,,,,,,,,
who,color,heading,xcor,ycor,shape,label,label-color,breed,hidden?,size,pen-size,pen-mode,home-pos,eaten?,glasses?,edible?
0,45,0,0,-5,"""pacman""",,9.9999,{breed pacmans},FALSE,1,1,"""up""",[0.0 -5.0],,,
5,85,0,-8,9,"""pellet""",,9.9999,{breed pellets},FALSE,1,1,"""up""",0,FALSE,FALSE,TRUE
6,85,0,-7,9,"""pellet""",,9.9999,{breed pellets},FALSE,1,1,"""up""",0,FALSE,FALSE,TRUE
7,85,0,-6,9,"""pellet""",,9.9999,{breed pellets},FALSE,1,1,"""up""",0,FALSE,FALSE,TRUE
8,85,0,-5,9,"""pellet""",,9.9999,{breed pellets},FALSE,1,1,"""up""",0,FALSE,FALSE,TRUE
9,85,0,-4,9,"""pellet""",,9.9999,{breed pellets},FALSE,1,1,"""up""",0,FALSE,FALSE,TRUE
10,85,0,-3,9,"""pellet""",,9.9999,{breed pellets},FALSE,1,1,"""up""",0,FALSE,FALSE,TRUE
11,85,0,-2,9,"""pellet""",,9.9999,{breed pellets},FALSE,1,1,"""up""",0,FALSE,FALSE,TRUE
12,85,0,-1,9,"""pellet""",,9.9999,{breed pellets},FALSE,1,1,"""up""",0,FALSE,FALSE,TRUE
13,85,0,1,9,"""pellet""",,9.9999,{breed pellets},FALSE,1,1,"""up""",0,FALSE,FALSE,TRUE
14,85,0,2,9,"""pellet""",,9.9999,{breed pellets},FALSE,1,1,"""up""",0,FALSE,FALSE,TRUE
15,85,0,3,9,"""pellet""",,9.9999,{breed pellets},FALSE,1,1,"""up""",0,FALSE,FALSE,TRUE
16,85,0,4,9,"""pellet""",,9.9999,{breed pellets},FALSE,1,1,"""up""",0,FALSE,FALSE,TRUE
17,85,0,5,9,"""pellet""",,9.9999,{breed pellets},FALSE,1,1,"""up""",0,FALSE,FALSE,TRUE
18,85,0,6,9,"""pellet""",,9.9999,{breed pellets},FALSE,1,1,"""up""",0,FALSE,FALSE,TRUE
19,85,0,7,9,"""pellet""",,9.9999,{breed pellets},FALSE,1,1,"""up""",0,FALSE,FALSE,TRUE
20,85,0,8,9,"""pellet""",,9.9999,{breed pellets},FALSE,1,1,"""up""",0,FALSE,FALSE,TRUE
21,85,0,-8,8,"""pellet""",,9.9999,{breed pellets},FALSE,1,1,"""up""",0,FALSE,FALSE,TRUE
22,85,0,-5,8,"""pellet""",,9.9999,{breed pellets},FALSE,1,1,"""up""",0,FALSE,FALSE,TRUE
23,85,0,-1,8,"""pellet""",,9.9999,{breed pellets},FALSE,1,1,"""up""",0,FALSE,FALSE,TRUE
24,85,0,1,8,"""pellet""",,9.9999,{breed pellets},FALSE,1,1,"""up""",0,FALSE,FALSE,TRUE
25,85,0,5,8,"""pellet""",,9.9999,{breed pellets},FALSE,1,1,"""up""",0,FALSE,FALSE,TRUE
26,85,0,8,8,"""pellet""",,9.9999,{breed pellets},FALSE,1,1,"""up""",0,FALSE,FALSE,TRUE
27,85,0,-8,7,"""pellet""",,9.9999,{breed pellets},FALSE,1,1,"""up""",0,FALSE,FALSE,TRUE
28,85,0,-7,7,"""pellet""",,9.9999,{breed pellets},FALSE,1,1,"""up""",0,FALSE,FALSE,TRUE
29,85,0,-6,7,"""pellet""",,9.9999,{breed pellets},FALSE,1,1,"""up""",0,FALSE,FALSE,TRUE
30,85,0,-5,7,"""circle""",,9.9999,{breed pellets},FALSE,1,1,"""up""",0,FALSE,FALSE,TRUE
31,85,0,-4,7,"""pellet""",,9.9999,{breed pellets},FALSE,1,1,"""up""",0,FALSE,FALSE,TRUE
32,85,0,-3,7,"""pellet""",,9.9999,{breed pellets},FALSE,1,1,"""up""",0,FALSE,FALSE,TRUE
33,85,0,-2,7,"""pellet""",,9.9999,{breed pellets},FALSE,1,1,"""up""",0,FALSE,FALSE,TRUE
34,85,0,-1,7,"""pellet""",,9.9999,{breed pellets},FALSE,1,1,"""up""",0,FALSE,FALSE,TRUE
35,85,0,0,7,"""pellet""",,9.9999,{breed pellets},FALSE,1,1,"""up""",0,FALSE,FALSE,TRUE
36,85,0,1,7,"""pellet""",,9.9999,{breed pellets},FALSE,1,1,"""up""",0,FALSE,FALSE,TRUE
37,85,0,2,7,"""pellet""",,9.9999,{breed pellets},FALSE,1,1,"""up""",0,FALSE,FALSE,TRUE
38,85,0,3,7,"""pellet""",,9.9999,{breed pellets},FALSE,1,1,"""up""",0,FALSE,FALSE,TRUE
39,85,0,4,7,"""pellet""",,9.9999,{breed pellets},FALSE,1,1,"""up""",0,FALSE,FALSE,TRUE
40,85,0,5,7,"""circle""",,9.9999,{breed pellets},FALSE,1,1,"""up""",0,FALSE,FALSE,TRUE
41,85,0,6,7,"""pellet""",,9.9999,{breed pellets},FALSE,1,1,"""up""",0,FALSE,FALSE,TRUE
42,85,0,7,7,"""pellet""",,9.9999,{breed pellets},FALSE,1,1,"""up""",0,FALSE,FALSE,TRUE
43,85,0,8,7,"""pellet""",,9.9999,{breed pellets},FALSE,1,1,"""up""",0,FALSE,FALSE,TRUE
44,85,0,-8,6,"""pellet""",,9.9999,{breed pellets},FALSE,1,1,"""up""",0,FALSE,FALSE,TRUE
45,85,0,-5,6,"""pellet""",,9.9999,{breed pellets},FALSE,1,1,"""up""",0,FALSE,FALSE,TRUE
46,85,0,-3,6,"""pellet""",,9.9999,{breed pellets},FALSE,1,1,"""up""",0,FALSE,FALSE,TRUE
47,85,0,3,6,"""pellet""",,9.9999,{breed pellets},FALSE,1,1,"""up""",0,FALSE,FALSE,TRUE
48,85,0,5,6,"""pellet""",,9.9999,{breed pellets},FALSE,1,1,"""up""",0,FALSE,FALSE,TRUE
49,85,0,8,6,"""pellet""",,9.9999,{breed pellets},FALSE,1,1,"""up""",0,FALSE,FALSE,TRUE
50,85,0,-8,5,"""pellet""",,9.9999,{breed pellets},FALSE,1,1,"""up""",0,FALSE,FALSE,TRUE
51,85,0,-7,5,"""pellet""",,9.9999,{breed pellets},FALSE,1,1,"""up""",0,FALSE,FALSE,TRUE
52,85,0,-6,5,"""pellet""",,9.9999,{breed pellets},FALSE,1,1,"""up""",0,FALSE,FALSE,TRUE
53,85,0,-5,5,"""pellet""",,9.9999,{breed pellets},FALSE,1,1,"""up""",0,FALSE,FALSE,TRUE
54,85,0,-3,5,"""pellet""",,9.9999,{breed pellets},FALSE,1,1,"""up""",0,FALSE,FALSE,TRUE
55,85,0,-2,5,"""pellet""",,9.9999,{breed pellets},FALSE,1,1,"""up""",0,FALSE,FALSE,TRUE
56,85,0,-1,5,"""pellet""",,9.9999,{breed pellets},FALSE,1,1,"""up""",0,FALSE,FALSE,TRUE
57,85,0,1,5,"""pellet""",,9.9999,{breed pellets},FALSE,1,1,"""up""",0,FALSE,FALSE,TRUE
58,85,0,2,5,"""pellet""",,9.9999,{breed pellets},FALSE,1,1,"""up""",0,FALSE,FALSE,TRUE
59,85,0,3,5,"""pellet""",,9.9999,{breed pellets},FALSE,1,1,"""up""",0,FALSE,FALSE,TRUE
60,85,0,5,5,"""pellet""",,9.9999,{breed pellets},FALSE,1,1,"""up""",0,FALSE,FALSE,TRUE
61,85,0,6,5,"""pellet""",,9.9999,{breed pellets},FALSE,1,1,"""up""",0,FALSE,FALSE,TRUE
62,85,0,7,5,"""pellet""",,9.9999,{breed pellets},FALSE,1,1,"""up""",0,FALSE,FALSE,TRUE
63,85,0,8,5,"""pellet""",,9.9999,{breed pellets},FALSE,1,1,"""up""",0,FALSE,FALSE,TRUE
64,85,0,-5,4,"""pellet""",,9.9999,{breed pellets},FALSE,1,1,"""up""",0,FALSE,FALSE,TRUE
65,85,0,5,4,"""pellet""",,9.9999,{breed pellets},FALSE,1,1,"""up""",0,FALSE,FALSE,TRUE
66,85,0,-5,3,"""pellet""",,9.9999,{breed pellets},FALSE,1,1,"""up""",0,FALSE,FALSE,TRUE
67,85,0,5,3,"""pellet""",,9.9999,{breed pellets},FALSE,1,1,"""up""",0,FALSE,FALSE,TRUE
68,85,0,-5,2,"""pellet""",,9.9999,{breed pellets},FALSE,1,1,"""up""",0,FALSE,FALSE,TRUE
69,85,0,5,2,"""pellet""",,9.9999,{breed pellets},FALSE,1,1,"""up""",0,FALSE,FALSE,TRUE
70,85,0,-5,1,"""pellet""",,9.9999,{breed pellets},FALSE,1,1,"""up""",0,FALSE,FALSE,TRUE
71,85,0,5,1,"""pellet""",,9.9999,{breed pellets},FALSE,1,1,"""up""",0,FALSE,FALSE,TRUE
72,85,0,-5,0,"""pellet""",,9.9999,{breed pellets},FALSE,1,1,"""up""",0,FALSE,FALSE,TRUE
73,85,0,5,0,"""pellet""",,9.9999,{breed pellets},FALSE,1,1,"""up""",0,FALSE,FALSE,TRUE
74,85,0,-5,-1,"""pellet""",,9.9999,{breed pellets},FALSE,1,1,"""up""",0,FALSE,FALSE,TRUE
75,85,0,5,-1,"""pellet""",,9.9999,{breed pellets},FALSE,1,1,"""up""",0,FALSE,FALSE,TRUE
76,85,0,-5,-2,"""pellet""",,9.9999,{breed pellets},FALSE,1,1,"""up""",0,FALSE,FALSE,TRUE
77,85,0,5,-2,"""pellet""",,9.9999,{breed pellets},FALSE,1,1,"""up""",0,FALSE,FALSE,TRUE
78,85,0,-8,-3,"""pellet""",,9.9999,{breed pellets},FALSE,1,1,"""up""",0,FALSE,FALSE,TRUE
79,85,0,-7,-3,"""pellet""",,9.9999,{breed pellets},FALSE,1,1,"""up""",0,FALSE,FALSE,TRUE
80,85,0,-6,-3,"""pellet""",,9.9999,{breed pellets},FALSE,1,1,"""up""",0,FALSE,FALSE,TRUE
81,85,0,-5,-3,"""pellet""",,9.9999,{breed pellets},FALSE,1,1,"""up""",0,FALSE,FALSE,TRUE
82,85,0,-4,-3,"""pellet""",,9.9999,{breed pellets},FALSE,1,1,"""up""",0,FALSE,FALSE,TRUE
83,85,0,-3,-3,"""pellet""",,9.9999,{breed pellets},FALSE,1,1,"""up""",0,FALSE,FALSE,TRUE
84,85,0,-2,-3,"""pellet""",,9.9999,{breed pellets},FALSE,1,1,"""up""",0,FALSE,FALSE,TRUE
85,85,0,-1,-3,"""pellet""",,9.9999,{breed pellets},FALSE,1,1,"""up""",0,FALSE,FALSE,TRUE
86,85,0,1,-3,"""pellet""",,9.9999,{breed pellets},FALSE,1,1,"""up""",0,FALSE,FALSE,TRUE
87,85,0,2,-3,"""pellet""",,9.9999,{breed pellets},FALSE,1,1,"""up""",0,FALSE,FALSE,TRUE
88,85,0,3,-3,"""pellet""",,9.9999,{breed pellets},FALSE,1,1,"""up""",0,FALSE,FALSE,TRUE
89,85,0,4,-3,"""pellet""",,9.9999,{breed pellets},FALSE,1,1,"""up""",0,FALSE,FALSE,TRUE
90,85,0,5,-3,"""pellet""",,9.9999,{breed pellets},FALSE,1,1,"""up""",0,FALSE,FALSE,TRUE
91,85,0,6,-3,"""pellet""",,9.9999,{breed pellets},FALSE,1,1,"""up""",0,FALSE,FALSE,TRUE
92,85,0,7,-3,"""pellet""",,9.9999,{breed pellets},FALSE,1,1,"""up""",0,FALSE,FALSE,TRUE
93,85,0,8,-3,"""pellet""",,9.9999,{breed pellets},FALSE,1,1,"""up""",0,FALSE,FALSE,TRUE
94,85,0,-8,-4,"""pellet""",,9.9999,{breed pellets},FALSE,1,1,"""up""",0,FALSE,FALSE,TRUE
95,85,0,-5,-4,"""pellet""",,9.9999,{breed pellets},FALSE,1,1,"""up""",0,FALSE,FALSE,TRUE
96,85,0,-1,-4,"""pellet""",,9.9999,{breed pellets},FALSE,1,1,"""up""",0,FALSE,FALSE,TRUE
97,85,0,1,-4,"""pellet""",,9.9999,{breed pellets},FALSE,1,1,"""up""",0,FALSE,FALSE,TRUE
98,85,0,5,-4,"""pellet""",,9.9999,{breed pellets},FALSE,1,1,"""up""",0,FALSE,FALSE,TRUE
99,85,0,8,-4,"""pellet""",,9.9999,{breed pellets},FALSE,1,1,"""up""",0,FALSE,FALSE,TRUE
100,85,0,-8,-5,"""pellet""",,9.9999,{breed pellets},FALSE,1,1,"""up""",0,FALSE,FALSE,TRUE
101,85,0,-7,-5,"""pellet""",,9.9999,{breed pellets},FALSE,1,1,"""up""",0,FALSE,FALSE,TRUE
102,85,0,-5,-5,"""pellet""",,9.9999,{breed pellets},FALSE,1,1,"""up""",0,FALSE,FALSE,TRUE
103,85,0,-4,-5,"""pellet""",,9.9999,{breed pellets},FALSE,1,1,"""up""",0,FALSE,FALSE,TRUE
104,85,0,-3,-5,"""pellet""",,9.9999,{breed pellets},FALSE,1,1,"""up""",0,FALSE,FALSE,TRUE
105,85,0,-2,-5,"""pellet""",,9.9999,{breed pellets},FALSE,1,1,"""up""",0,FALSE,FALSE,TRUE
106,85,0,-1,-5,"""pellet""",,9.9999,{breed pellets},FALSE,1,1,"""up""",0,FALSE,FALSE,TRUE
107,85,0,1,-5,"""pellet""",,9.9999,{breed pellets},FALSE,1,1,"""up""",0,FALSE,FALSE,TRUE
108,85,0,2,-5,"""pellet""",,9.9999,{breed pellets},FALSE,1,1,"""up""",0,FALSE,FALSE,TRUE
109,85,0,3,-5,"""pellet""",,9.9999,{breed pellets},FALSE,1,1,"""up""",0,FALSE,FALSE,TRUE
110,85,0,4,-5,"""pellet""",,9.9999,{breed pellets},FALSE,1,1,"""up""",0,FALSE,FALSE,TRUE
111,85,0,5,-5,"""pellet""",,9.9999,{breed pellets},FALSE,1,1,"""up""",0,FALSE,FALSE,TRUE
112,85,0,7,-5,"""pellet""",,9.9999,{breed pellets},FALSE,1,1,"""up""",0,FALSE,FALSE,TRUE
113,85,0,8,-5,"""pellet""",,9.9999,{breed pellets},FALSE,1,1,"""up""",0,FALSE,FALSE,TRUE
114,85,0,-7,-6,"""pellet""",,9.9999,{breed pellets},FALSE,1,1,"""up""",0,FALSE,FALSE,TRUE
115,85,0,-5,-6,"""pellet""",,9.9999,{breed pellets},FALSE,1,1,"""up""",0,FALSE,FALSE,TRUE
116,85,0,-3,-6,"""pellet""",,9.9999,{breed pellets},FALSE,1,1,"""up""",0,FALSE,FALSE,TRUE
117,85,0,3,-6,"""pellet""",,9.9999,{breed pellets},FALSE,1,1,"""up""",0,FALSE,FALSE,TRUE
118,85,0,5,-6,"""pellet""",,9.9999,{breed pellets},FALSE,1,1,"""up""",0,FALSE,FALSE,TRUE
119,85,0,7,-6,"""pellet""",,9.9999,{breed pellets},FALSE,1,1,"""up""",0,FALSE,FALSE,TRUE
120,85,0,-8,-7,"""pellet""",,9.9999,{breed pellets},FALSE,1,1,"""up""",0,FALSE,FALSE,TRUE
121,85,0,-7,-7,"""circle""",,9.9999,{breed pellets},FALSE,1,1,"""up""",0,FALSE,FALSE,TRUE
122,85,0,-6,-7,"""pellet""",,9.9999,{breed pellets},FALSE,1,1,"""up""",0,FALSE,FALSE,TRUE
123,85,0,-5,-7,"""pellet""",,9.9999,{breed pellets},FALSE,1,1,"""up""",0,FALSE,FALSE,TRUE
124,85,0,-3,-7,"""pellet""",,9.9999,{breed pellets},FALSE,1,1,"""up""",0,FALSE,FALSE,TRUE
125,85,0,-2,-7,"""pellet""",,9.9999,{breed pellets},FALSE,1,1,"""up""",0,FALSE,FALSE,TRUE
126,85,0,-1,-7,"""pellet""",,9.9999,{breed pellets},FALSE,1,1,"""up""",0,FALSE,FALSE,TRUE
127,85,0,1,-7,"""pellet""",,9.9999,{breed pellets},FALSE,1,1,"""up""",0,FALSE,FALSE,TRUE
128,85,0,2,-7,"""pellet""",,9.9999,{breed pellets},FALSE,1,1,"""up""",0,FALSE,FALSE,TRUE
129,85,0,3,-7,"""pellet""",,9.9999,{breed pellets},FALSE,1,1,"""up""",0,FALSE,FALSE,TRUE
130,85,0,5,-7,"""pellet""",,9.9999,{breed pellets},FALSE,1,1,"""up""",0,FALSE,FALSE,TRUE
131,85,0,6,-7,"""pellet""",,9.9999,{breed pellets},FALSE,1,1,"""up""",0,FALSE,FALSE,TRUE
132,85,0,7,-7,"""circle""",,9.9999,{breed pellets},FALSE,1,1,"""up""",0,FALSE,FALSE,TRUE
133,85,0,8,-7,"""pellet""",,9.9999,{breed pellets},FALSE,1,1,"""up""",0,FALSE,FALSE,TRUE
134,85,0,-8,-8,"""pellet""",,9.9999,{breed pellets},FALSE,1,1,"""up""",0,FALSE,FALSE,TRUE
135,85,0,-1,-8,"""pellet""",,9.9999,{breed pellets},FALSE,1,1,"""up""",0,FALSE,FALSE,TRUE
136,85,0,1,-8,"""pellet""",,9.9999,{breed pellets},FALSE,1,1,"""up""",0,FALSE,FALSE,TRUE
137,85,0,8,-8,"""pellet""",,9.9999,{breed pellets},FALSE,1,1,"""up""",0,FALSE,FALSE,TRUE
138,85,0,-8,-9,"""pellet""",,9.9999,{breed pellets},FALSE,1,1,"""up""",0,FALSE,FALSE,TRUE
139,85,0,-7,-9,"""pellet""",,9.9999,{breed pellets},FALSE,1,1,"""up""",0,FALSE,FALSE,TRUE
140,85,0,-6,-9,"""pellet""",,9.9999,{breed pellets},FALSE,1,1,"""up""",0,FALSE,FALSE,TRUE
141,85,0,-5,-9,"""pellet""",,9.9999,{breed pellets},FALSE,1,1,"""up""",0,FALSE,FALSE,TRUE
142,85,0,-4,-9,"""pellet""",,9.9999,{breed pellets},FALSE,1,1,"""up""",0,FALSE,FALSE,TRUE
143,85,0,-3,-9,"""pellet""",,9.9999,{breed pellets},FALSE,1,1,"""up""",0,FALSE,FALSE,TRUE
144,85,0,-2,-9,"""pellet""",,9.9999,{breed pellets},FALSE,1,1,"""up""",0,FALSE,FALSE,TRUE
145,85,0,-1,-9,"""pellet""",,9.9999,{breed pellets},FALSE,1,1,"""up""",0,FALSE,FALSE,TRUE
146,85,0,0,-9,"""pellet""",,9.9999,{breed pellets},FALSE,1,1,"""up""",0,FALSE,FALSE,TRUE
147,85,0,1,-9,"""pellet""",,9.9999,{breed pellets},FALSE,1,1,"""up""",0,FALSE,FALSE,TRUE
148,85,0,2,-9,"""pellet""",,9.9999,{breed pellets},FALSE,1,1,"""up""",0,FALSE,FALSE,TRUE
149,85,0,3,-9,"""pellet""",,9.9999,{breed pellets},FALSE,1,1,"""up""",0,FALSE,FALSE,TRUE
150,85,0,4,-9,"""pellet""",,9.9999,{breed pellets},FALSE,1,1,"""up""",0,FALSE,FALSE,TRUE
151,85,0,5,-9,"""pellet""",,9.9999,{breed pellets},FALSE,1,1,"""up""",0,FALSE,FALSE,TRUE
152,85,0,6,-9,"""pellet""",,9.9999,{breed pellets},FALSE,1,1,"""up""",0,FALSE,FALSE,TRUE
153,85,0,7,-9,"""pellet""",,9.9999,{breed pellets},FALSE,1,1,"""up""",0,FALSE,FALSE,TRUE
154,85,0,8,-9,"""pellet""",,9.9999,{breed pellets},FALSE,1,1,"""up""",0,FALSE,FALSE,TRUE
155,red,0,5,5,"""ghost""",,9.9999,{breed ghosts},FALSE,1,1,"""up""",[0.0 3.0],FALSE,FALSE,FALSE
2,green,0,-5,-5,"""ghost""",,9.9999,{breed ghosts},FALSE,1,1,"""up""",[1.0 1.0],FALSE,FALSE,FALSE
3,orange,0,5,-5,"""ghost""",,9.9999,{breed ghosts},FALSE,1,1,"""up""",[0.0 1.0],FALSE,FALSE,FALSE
4,yellow,0,-5,5,"""ghost""",,9.9999,{breed ghosts},FALSE,1,1,"""up""",[-1.0 1.0],FALSE,FALSE,FALSE
PATCHES,,,,,,,,,,,,,,,,
pxcor,pycor,real-pcolor,plabel,plabel-color,pcolor,,,,,,,,,,,
-10,10,0,,9.9999,,,,,,,,,,,,
-9,10,105,,9.9999,,,,,,,,,,,,
-8,10,105,,9.9999,,,,,,,,,,,,
-7,10,105,,9.9999,,,,,,,,,,,,
-6,10,105,,9.9999,,,,,,,,,,,,
-5,10,105,,9.9999,,,,,,,,,,,,
-4,10,105,,9.9999,,,,,,,,,,,,
-3,10,105,,9.9999,,,,,,,,,,,,
-2,10,105,,9.9999,,,,,,,,,,,,
-1,10,105,,9.9999,,,,,,,,,,,,
0,10,105,,9.9999,,,,,,,,,,,,
1,10,105,,9.9999,,,,,,,,,,,,
2,10,105,,9.9999,,,,,,,,,,,,
3,10,105,,9.9999,,,,,,,,,,,,
4,10,105,,9.9999,,,,,,,,,,,,
5,10,105,,9.9999,,,,,,,,,,,,
6,10,105,,9.9999,,,,,,,,,,,,
7,10,105,,9.9999,,,,,,,,,,,,
8,10,105,,9.9999,,,,,,,,,,,,
9,10,105,,9.9999,,,,,,,,,,,,
10,10,0,,9.9999,,,,,,,,,,,,
-10,9,0,,9.9999,,,,,,,,,,,,
-9,9,105,,9.9999,,,,,,,,,,,,
-8,9,0,,9.9999,,,,,,,,,,,,
-7,9,0,,9.9999,,,,,,,,,,,,
-6,9,0,,9.9999,,,,,,,,,,,,
-5,9,0,,9.9999,,,,,,,,,,,,
-4,9,0,,9.9999,,,,,,,,,,,,
-3,9,0,,9.9999,,,,,,,,,,,,
-2,9,0,,9.9999,,,,,,,,,,,,
-1,9,0,,9.9999,,,,,,,,,,,,
0,9,105,,9.9999,,,,,,,,,,,,
1,9,0,,9.9999,,,,,,,,,,,,
2,9,0,,9.9999,,,,,,,,,,,,
3,9,0,,9.9999,,,,,,,,,,,,
4,9,0,,9.9999,,,,,,,,,,,,
5,9,0,,9.9999,,,,,,,,,,,,
6,9,0,,9.9999,,,,,,,,,,,,
7,9,0,,9.9999,,,,,,,,,,,,
8,9,0,,9.9999,,,,,,,,,,,,
9,9,105,,9.9999,,,,,,,,,,,,
10,9,0,,9.9999,,,,,,,,,,,,
-10,8,0,,9.9999,,,,,,,,,,,,
-9,8,105,,9.9999,,,,,,,,,,,,
-8,8,0,,9.9999,,,,,,,,,,,,
-7,8,105,,9.9999,,,,,,,,,,,,
-6,8,105,,9.9999,,,,,,,,,,,,
-5,8,0,,9.9999,,,,,,,,,,,,
-4,8,105,,9.9999,,,,,,,,,,,,
-3,8,105,,9.9999,,,,,,,,,,,,
-2,8,105,,9.9999,,,,,,,,,,,,
-1,8,0,,9.9999,,,,,,,,,,,,
0,8,105,,9.9999,,,,,,,,,,,,
1,8,0,,9.9999,,,,,,,,,,,,
2,8,105,,9.9999,,,,,,,,,,,,
3,8,105,,9.9999,,,,,,,,,,,,
4,8,105,,9.9999,,,,,,,,,,,,
5,8,0,,9.9999,,,,,,,,,,,,
6,8,105,,9.9999,,,,,,,,,,,,
7,8,105,,9.9999,,,,,,,,,,,,
8,8,0,,9.9999,,,,,,,,,,,,
9,8,105,,9.9999,,,,,,,,,,,,
10,8,0,,9.9999,,,,,,,,,,,,
-10,7,0,,9.9999,,,,,,,,,,,,
-9,7,105,,9.9999,,,,,,,,,,,,
-8,7,0,,9.9999,,,,,,,,,,,,
-7,7,0,,9.9999,,,,,,,,,,,,
-6,7,0,,9.9999,,,,,,,,,,,,
-5,7,0,,9.9999,,,,,,,,,,,,
-4,7,0,,9.9999,,,,,,,,,,,,
-3,7,0,,9.9999,,,,,,,,,,,,
-2,7,0,,9.9999,,,,,,,,,,,,
-1,7,0,,9.9999,,,,,,,,,,,,
0,7,0,,9.9999,,,,,,,,,,,,
1,7,0,,9.9999,,,,,,,,,,,,
2,7,0,,9.9999,,,,,,,,,,,,
3,7,0,,9.9999,,,,,,,,,,,,
4,7,0,,9.9999,,,,,,,,,,,,
5,7,0,,9.9999,,,,,,,,,,,,
6,7,0,,9.9999,,,,,,,,,,,,
7,7,0,,9.9999,,,,,,,,,,,,
8,7,0,,9.9999,,,,,,,,,,,,
9,7,105,,9.9999,,,,,,,,,,,,
10,7,0,,9.9999,,,,,,,,,,,,
-10,6,0,,9.9999,,,,,,,,,,,,
-9,6,105,,9.9999,,,,,,,,,,,,
-8,6,0,,9.9999,,,,,,,,,,,,
-7,6,105,,9.9999,,,,,,,,,,,,
-6,6,105,,9.9999,,,,,,,,,,,,
-5,6,0,,9.9999,,,,,,,,,,,,
-4,6,105,,9.9999,,,,,,,,,,,,
-3,6,0,,9.9999,,,,,,,,,,,,
-2,6,105,,9.9999,,,,,,,,,,,,
-1,6,105,,9.9999,,,,,,,,,,,,
0,6,105,,9.9999,,,,,,,,,,,,
1,6,105,,9.9999,,,,,,,,,,,,
2,6,105,,9.9999,,,,,,,,,,,,
3,6,0,,9.9999,,,,,,,,,,,,
4,6,105,,9.9999,,,,,,,,,,,,
5,6,0,,9.9999,,,,,,,,,,,,
6,6,105,,9.9999,,,,,,,,,,,,
7,6,105,,9.9999,,,,,,,,,,,,
8,6,0,,9.9999,,,,,,,,,,,,
9,6,105,,9.9999,,,,,,,,,,,,
10,6,0,,9.9999,,,,,,,,,,,,
-10,5,0,,9.9999,,,,,,,,,,,,
-9,5,105,,9.9999,,,,,,,,,,,,
-8,5,0,,9.9999,,,,,,,,,,,,
-7,5,0,,9.9999,,,,,,,,,,,,
-6,5,0,,9.9999,,,,,,,,,,,,
-5,5,0,,9.9999,,,,,,,,,,,,
-4,5,105,,9.9999,,,,,,,,,,,,
-3,5,0,,9.9999,,,,,,,,,,,,
-2,5,0,,9.9999,,,,,,,,,,,,
-1,5,0,,9.9999,,,,,,,,,,,,
0,5,105,,9.9999,,,,,,,,,,,,
1,5,0,,9.9999,,,,,,,,,,,,
2,5,0,,9.9999,,,,,,,,,,,,
3,5,0,,9.9999,,,,,,,,,,,,
4,5,105,,9.9999,,,,,,,,,,,,
5,5,0,,9.9999,,,,,,,,,,,,
6,5,0,,9.9999,,,,,,,,,,,,
7,5,0,,9.9999,,,,,,,,,,,,
8,5,0,,9.9999,,,,,,,,,,,,
9,5,105,,9.9999,,,,,,,,,,,,
10,5,0,,9.9999,,,,,,,,,,,,
-10,4,0,,9.9999,,,,,,,,,,,,
-9,4,105,,9.9999,,,,,,,,,,,,
-8,4,105,,9.9999,,,,,,,,,,,,
-7,4,105,,9.9999,,,,,,,,,,,,
-6,4,105,,9.9999,,,,,,,,,,,,
-5,4,0,,9.9999,,,,,,,,,,,,
-4,4,105,,9.9999,,,,,,,,,,,,
-3,4,105,,9.9999,,,,,,,,,,,,
-2,4,105,,9.9999,,,,,,,,,,,,
-1,4,0,,9.9999,,,,,,,,,,,,
0,4,105,,9.9999,,,,,,,,,,,,
1,4,0,,9.9999,,,,,,,,,,,,
2,4,105,,9.9999,,,,,,,,,,,,
3,4,105,,9.9999,,,,,,,,,,,,
4,4,105,,9.9999,,,,,,,,,,,,
5,4,0,,9.9999,,,,,,,,,,,,
6,4,105,,9.9999,,,,,,,,,,,,
7,4,105,,9.9999,,,,,,,,,,,,
8,4,105,,9.9999,,,,,,,,,,,,
9,4,105,,9.9999,,,,,,,,,,,,
10,4,0,,9.9999,,,,,,,,,,,,
-10,3,0,,9.9999,,,,,,,,,,,,
-9,3,0,,9.9999,,,,,,,,,,,,
-8,3,0,,9.9999,,,,,,,,,,,,
-7,3,0,,9.9999,,,,,,,,,,,,
-6,3,105,,9.9999,,,,,,,,,,,,
-5,3,0,,9.9999,,,,,,,,,,,,
-4,3,105,,9.9999,,,,,,,,,,,,
-3,3,0,,9.9999,,,,,,,,,,,,
-2,3,0,,9.9999,,,,,,,,,,,,
-1,3,0,,9.9999,,,,,,,,,,,,
0,3,0,,9.9999,,,,,,,,,,,,
1,3,0,,9.9999,,,,,,,,,,,,
2,3,0,,9.9999,,,,,,,,,,,,
3,3,0,,9.9999,,,,,,,,,,,,
4,3,105,,9.9999,,,,,,,,,,,,
5,3,0,,9.9999,,,,,,,,,,,,
6,3,105,,9.9999,,,,,,,,,,,,
7,3,0,,9.9999,,,,,,,,,,,,
8,3,0,,9.9999,,,,,,,,,,,,
9,3,0,,9.9999,,,,,,,,,,,,
10,3,0,,9.9999,,,,,,,,,,,,
-10,2,105,,9.9999,,,,,,,,,,,,
-9,2,105,,9.9999,,,,,,,,,,,,
-8,2,105,,9.9999,,,,,,,,,,,,
-7,2,105,,9.9999,,,,,,,,,,,,
-6,2,105,,9.9999,,,,,,,,,,,,
-5,2,0,,9.9999,,,,,,,,,,,,
-4,2,105,,9.9999,,,,,,,,,,,,
-3,2,0,,9.9999,,,,,,,,,,,,
-2,2,105,,9.9999,,,,,,,,,,,,
-1,2,105,,9.9999,,,,,,,,,,,,
0,2,5,,9.9999,,,,,,,,,,,,
1,2,105,,9.9999,,,,,,,,,,,,
2,2,105,,9.9999,,,,,,,,,,,,
3,2,0,,9.9999,,,,,,,,,,,,
4,2,105,,9.9999,,,,,,,,,,,,
5,2,0,,9.9999,,,,,,,,,,,,
6,2,105,,9.9999,,,,,,,,,,,,
7,2,105,,9.9999,,,,,,,,,,,,
8,2,105,,9.9999,,,,,,,,,,,,
9,2,105,,9.9999,,,,,,,,,,,,
10,2,105,,9.9999,,,,,,,,,,,,
-10,1,0,,9.9999,,,,,,,,,,,,
-9,1,0,,9.9999,,,,,,,,,,,,
-8,1,0,,9.9999,,,,,,,,,,,,
-7,1,0,,9.9999,,,,,,,,,,,,
-6,1,0,,9.9999,,,,,,,,,,,,
-5,1,0,,9.9999,,,,,,,,,,,,
-4,1,0,,9.9999,,,,,,,,,,,,
-3,1,0,,9.9999,,,,,,,,,,,,
-2,1,105,,9.9999,,,,,,,,,,,,
-1,1,0,,9.9999,,,,,,,,,,,,
0,1,0,,9.9999,,,,,,,,,,,,
1,1,0,,9.9999,,,,,,,,,,,,
2,1,105,,9.9999,,,,,,,,,,,,
3,1,0,,9.9999,,,,,,,,,,,,
4,1,0,,9.9999,,,,,,,,,,,,
5,1,0,,9.9999,,,,,,,,,,,,
6,1,0,,9.9999,,,,,,,,,,,,
7,1,0,,9.9999,,,,,,,,,,,,
8,1,0,,9.9999,,,,,,,,,,,,
9,1,0,,9.9999,,,,,,,,,,,,
10,1,0,,9.9999,,,,,,,,,,,,
-10,0,105,,9.9999,,,,,,,,,,,,
-9,0,105,,9.9999,,,,,,,,,,,,
-8,0,105,,9.9999,,,,,,,,,,,,
-7,0,105,,9.9999,,,,,,,,,,,,
-6,0,105,,9.9999,,,,,,,,,,,,
-5,0,0,,9.9999,,,,,,,,,,,,
-4,0,105,,9.9999,,,,,,,,,,,,
-3,0,0,,9.9999,,,,,,,,,,,,
-2,0,105,,9.9999,,,,,,,,,,,,
-1,0,105,,9.9999,,,,,,,,,,,,
0,0,105,,9.9999,,,,,,,,,,,,
1,0,105,,9.9999,,,,,,,,,,,,
2,0,105,,9.9999,,,,,,,,,,,,
3,0,0,,9.9999,,,,,,,,,,,,
4,0,105,,9.9999,,,,,,,,,,,,
5,0,0,,9.9999,,,,,,,,,,,,
6,0,105,,9.9999,,,,,,,,,,,,
7,0,105,,9.9999,,,,,,,,,,,,
8,0,105,,9.9999,,,,,,,,,,,,
9,0,105,,9.9999,,,,,,,,,,,,
10,0,105,,9.9999,,,,,,,,,,,,
-10,-1,0,,9.9999,,,,,,,,,,,,
-9,-1,0,,9.9999,,,,,,,,,,,,
-8,-1,0,,9.9999,,,,,,,,,,,,
-7,-1,0,,9.9999,,,,,,,,,,,,
-6,-1,105,,9.9999,,,,,,,,,,,,
-5,-1,0,,9.9999,,,,,,,,,,,,
-4,-1,105,,9.9999,,,,,,,,,,,,
-3,-1,0,,9.9999,,,,,,,,,,,,
-2,-1,0,,9.9999,,,,,,,,,,,,
-1,-1,0,,9.9999,,,,,,,,,,,,
0,-1,0,,9.9999,,,,,,,,,,,,
1,-1,0,,9.9999,,,,,,,,,,,,
2,-1,0,,9.9999,,,,,,,,,,,,
3,-1,0,,9.9999,,,,,,,,,,,,
4,-1,105,,9.9999,,,,,,,,,,,,
5,-1,0,,9.9999,,,,,,,,,,,,
6,-1,105,,9.9999,,,,,,,,,,,,
7,-1,0,,9.9999,,,,,,,,,,,,
8,-1,0,,9.9999,,,,,,,,,,,,
9,-1,0,,9.9999,,,,,,,,,,,,
10,-1,0,,9.9999,,,,,,,,,,,,
-10,-2,0,,9.9999,,,,,,,,,,,,
-9,-2,105,,9.9999,,,,,,,,,,,,
-8,-2,105,,9.9999,,,,,,,,,,,,
-7,-2,105,,9.9999,,,,,,,,,,,,
-6,-2,105,,9.9999,,,,,,,,,,,,
-5,-2,0,,9.9999,,,,,,,,,,,,
-4,-2,105,,9.9999,,,,,,,,,,,,
-3,-2,0,,9.9999,,,,,,,,,,,,
-2,-2,105,,9.9999,,,,,,,,,,,,
-1,-2,105,,9.9999,,,,,,,,,,,,
0,-2,105,,9.9999,,,,,,,,,,,,
1,-2,105,,9.9999,,,,,,,,,,,,
2,-2,105,,9.9999,,,,,,,,,,,,
3,-2,0,,9.9999,,,,,,,,,,,,
4,-2,105,,9.9999,,,,,,,,,,,,
5,-2,0,,9.9999,,,,,,,,,,,,
6,-2,105,,9.9999,,,,,,,,,,,,
7,-2,105,,9.9999,,,,,,,,,,,,
8,-2,105,,9.9999,,,,,,,,,,,,
9,-2,105,,9.9999,,,,,,,,,,,,
10,-2,0,,9.9999,,,,,,,,,,,,
-10,-3,0,,9.9999,,,,,,,,,,,,
-9,-3,105,,9.9999,,,,,,,,,,,,
-8,-3,0,,9.9999,,,,,,,,,,,,
-7,-3,0,,9.9999,,,,,,,,,,,,
-6,-3,0,,9.9999,,,,,,,,,,,,
-5,-3,0,,9.9999,,,,,,,,,,,,
-4,-3,0,,9.9999,,,,,,,,,,,,
-3,-3,0,,9.9999,,,,,,,,,,,,
-2,-3,0,,9.9999,,,,,,,,,,,,
-1,-3,0,,9.9999,,,,,,,,,,,,
0,-3,105,,9.9999,,,,,,,,,,,,
1,-3,0,,9.9999,,,,,,,,,,,,
2,-3,0,,9.9999,,,,,,,,,,,,
3,-3,0,,9.9999,,,,,,,,,,,,
4,-3,0,,9.9999,,,,,,,,,,,,
5,-3,0,,9.9999,,,,,,,,,,,,
6,-3,0,,9.9999,,,,,,,,,,,,
7,-3,0,,9.9999,,,,,,,,,,,,
8,-3,0,,9.9999,,,,,,,,,,,,
9,-3,105,,9.9999,,,,,,,,,,,,
10,-3,0,,9.9999,,,,,,,,,,,,
-10,-4,0,,9.9999,,,,,,,,,,,,
-9,-4,105,,9.9999,,,,,,,,,,,,
-8,-4,0,,9.9999,,,,,,,,,,,,
-7,-4,105,,9.9999,,,,,,,,,,,,
-6,-4,105,,9.9999,,,,,,,,,,,,
-5,-4,0,,9.9999,,,,,,,,,,,,
-4,-4,105,,9.9999,,,,,,,,,,,,
-3,-4,105,,9.9999,,,,,,,,,,,,
-2,-4,105,,9.9999,,,,,,,,,,,,
-1,-4,0,,9.9999,,,,,,,,,,,,
0,-4,105,,9.9999,,,,,,,,,,,,
1,-4,0,,9.9999,,,,,,,,,,,,
2,-4,105,,9.9999,,,,,,,,,,,,
3,-4,105,,9.9999,,,,,,,,,,,,
4,-4,105,,9.9999,,,,,,,,,,,,
5,-4,0,,9.9999,,,,,,,,,,,,
6,-4,105,,9.9999,,,,,,,,,,,,
7,-4,105,,9.9999,,,,,,,,,,,,
8,-4,0,,9.9999,,,,,,,,,,,,
9,-4,105,,9.9999,,,,,,,,,,,,
10,-4,0,,9.9999,,,,,,,,,,,,
-10,-5,0,,9.9999,,,,,,,,,,,,
-9,-5,105,,9.9999,,,,,,,,,,,,
-8,-5,0,,9.9999,,,,,,,,,,,,
-7,-5,0,,9.9999,,,,,,,,,,,,
-6,-5,105,,9.9999,,,,,,,,,,,,
-5,-5,0,,9.9999,,,,,,,,,,,,
-4,-5,0,,9.9999,,,,,,,,,,,,
-3,-5,0,,9.9999,,,,,,,,,,,,
-2,-5,0,,9.9999,,,,,,,,,,,,
-1,-5,0,,9.9999,,,,,,,,,,,,
0,-5,0,,9.9999,,,,,,,,,,,,
1,-5,0,,9.9999,,,,,,,,,,,,
2,-5,0,,9.9999,,,,,,,,,,,,
3,-5,0,,9.9999,,,,,,,,,,,,
4,-5,0,,9.9999,,,,,,,,,,,,
5,-5,0,,9.9999,,,,,,,,,,,,
6,-5,105,,9.9999,,,,,,,,,,,,
7,-5,0,,9.9999,,,,,,,,,,,,
8,-5,0,,9.9999,,,,,,,,,,,,
9,-5,105,,9.9999,,,,,,,,,,,,
10,-5,0,,9.9999,,,,,,,,,,,,
-10,-6,0,,9.9999,,,,,,,,,,,,
-9,-6,105,,9.9999,,,,,,,,,,,,
-8,-6,105,,9.9999,,,,,,,,,,,,
-7,-6,0,,9.9999,,,,,,,,,,,,
-6,-6,105,,9.9999,,,,,,,,,,,,
-5,-6,0,,9.9999,,,,,,,,,,,,
-4,-6,105,,9.9999,,,,,,,,,,,,
-3,-6,0,,9.9999,,,,,,,,,,,,
-2,-6,105,,9.9999,,,,,,,,,,,,
-1,-6,105,,9.9999,,,,,,,,,,,,
0,-6,105,,9.9999,,,,,,,,,,,,
1,-6,105,,9.9999,,,,,,,,,,,,
2,-6,105,,9.9999,,,,,,,,,,,,
3,-6,0,,9.9999,,,,,,,,,,,,
4,-6,105,,9.9999,,,,,,,,,,,,
5,-6,0,,9.9999,,,,,,,,,,,,
6,-6,105,,9.9999,,,,,,,,,,,,
7,-6,0,,9.9999,,,,,,,,,,,,
8,-6,105,,9.9999,,,,,,,,,,,,
9,-6,105,,9.9999,,,,,,,,,,,,
10,-6,0,,9.9999,,,,,,,,,,,,
-10,-7,0,,9.9999,,,,,,,,,,,,
-9,-7,105,,9.9999,,,,,,,,,,,,
-8,-7,0,,9.9999,,,,,,,,,,,,
-7,-7,0,,9.9999,,,,,,,,,,,,
-6,-7,0,,9.9999,,,,,,,,,,,,
-5,-7,0,,9.9999,,,,,,,,,,,,
-4,-7,105,,9.9999,,,,,,,,,,,,
-3,-7,0,,9.9999,,,,,,,,,,,,
-2,-7,0,,9.9999,,,,,,,,,,,,
-1,-7,0,,9.9999,,,,,,,,,,,,
0,-7,105,,9.9999,,,,,,,,,,,,
1,-7,0,,9.9999,,,,,,,,,,,,
2,-7,0,,9.9999,,,,,,,,,,,,
3,-7,0,,9.9999,,,,,,,,,,,,
4,-7,105,,9.9999,,,,,,,,,,,,
5,-7,0,,9.9999,,,,,,,,,,,,
6,-7,0,,9.9999,,,,,,,,,,,,
7,-7,0,,9.9999,,,,,,,,,,,,
8,-7,0,,9.9999,,,,,,,,,,,,
9,-7,105,,9.9999,,,,,,,,,,,,
10,-7,0,,9.9999,,,,,,,,,,,,
-10,-8,0,,9.9999,,,,,,,,,,,,
-9,-8,105,,9.9999,,,,,,,,,,,,
-8,-8,0,,9.9999,,,,,,,,,,,,
-7,-8,105,,9.9999,,,,,,,,,,,,
-6,-8,105,,9.9999,,,,,,,,,,,,
-5,-8,105,,9.9999,,,,,,,,,,,,
-4,-8,105,,9.9999,,,,,,,,,,,,
-3,-8,105,,9.9999,,,,,,,,,,,,
-2,-8,105,,9.9999,,,,,,,,,,,,
-1,-8,0,,9.9999,,,,,,,,,,,,
0,-8,105,,9.9999,,,,,,,,,,,,
1,-8,0,,9.9999,,,,,,,,,,,,
2,-8,105,,9.9999,,,,,,,,,,,,
3,-8,105,,9.9999,,,,,,,,,,,,
4,-8,105,,9.9999,,,,,,,,,,,,
5,-8,105,,9.9999,,,,,,,,,,,,
6,-8,105,,9.9999,,,,,,,,,,,,
7,-8,105,,9.9999,,,,,,,,,,,,
8,-8,0,,9.9999,,,,,,,,,,,,
9,-8,105,,9.9999,,,,,,,,,,,,
10,-8,0,,9.9999,,,,,,,,,,,,
-10,-9,0,,9.9999,,,,,,,,,,,,
-9,-9,105,,9.9999,,,,,,,,,,,,
-8,-9,0,,9.9999,,,,,,,,,,,,
-7,-9,0,,9.9999,,,,,,,,,,,,
-6,-9,0,,9.9999,,,,,,,,,,,,
-5,-9,0,,9.9999,,,,,,,,,,,,
-4,-9,0,,9.9999,,,,,,,,,,,,
-3,-9,0,,9.9999,,,,,,,,,,,,
-2,-9,0,,9.9999,,,,,,,,,,,,
-1,-9,0,,9.9999,,,,,,,,,,,,
0,-9,0,,9.9999,,,,,,,,,,,,
1,-9,0,,9.9999,,,,,,,,,,,,
2,-9,0,,9.9999,,,,,,,,,,,,
3,-9,0,,9.9999,,,,,,,,,,,,
4,-9,0,,9.9999,,,,,,,,,,,,
5,-9,0,,9.9999,,,,,,,,,,,,
6,-9,0,,9.9999,,,,,,,,,,,,
7,-9,0,,9.9999,,,,,,,,,,,,
8,-9,0,,9.9999,,,,,,,,,,,,
9,-9,105,,9.9999,,,,,,,,,,,,
10,-9,0,,9.9999,,,,,,,,,,,,
-10,-10,0,,9.9999,,,,,,,,,,,,
-9,-10,105,,9.9999,,,,,,,,,,,,
-8,-10,105,,9.9999,,,,,,,,,,,,
-7,-10,105,,9.9999,,,,,,,,,,,,
-6,-10,105,,9.9999,,,,,,,,,,,,
-5,-10,105,,9.9999,,,,,,,,,,,,
-4,-10,105,,9.9999,,,,,,,,,,,,
-3,-10,105,,9.9999,,,,,,,,,,,,
-2,-10,105,,9.9999,,,,,,,,,,,,
-1,-10,105,,9.9999,,,,,,,,,,,,
0,-10,105,,9.9999,,,,,,,,,,,,
1,-10,105,,9.9999,,,,,,,,,,,,
2,-10,105,,9.9999,,,,,,,,,,,,
3,-10,105,,9.9999,,,,,,,,,,,,
4,-10,105,,9.9999,,,,,,,,,,,,
5,-10,105,,9.9999,,,,,,,,,,,,
6,-10,105,,9.9999,,,,,,,,,,,,
7,-10,105,,9.9999,,,,,,,,,,,,
8,-10,105,,9.9999,,,,,,,,,,,,
9,-10,105,,9.9999,,,,,,,,,,,,
10,-10,0,,9.9999,,,,,,,,,,,,
DRAWING,,,,,,,,,,,,,,,,
